user_input,retrieved_contexts,response,reference,faithfulness,answer_relevancy,context_precision,context_recall,answer_correctness,category
Est-ce plus difficile d'etre all star a l'est ou a l'ouest?,"['[Contexte: Reggie Miller is the most efficient first option in NBA playoff history : r/nba]\npacific_plywood · -10j\nWild to think that he\'s only a 5-time all star. Less than Kyle Lowry or Joe Johnson.\n\nBoogerSugarSovereign ·-10j\nGuard was a stacked position in the East and Reggie\'s usage was a lot lower in the regular season than the playoffs. His highest regular season average FGA was 15.4. He has 8 playoff runs with a higher average FGA topping out at 22.5 in the 2000 Finals run.\n\nsmez86·-10j\nnot just ""guard"" either. you have to remember that rosters were constructed by position. sg1 in the east was guaranteed mj, so you only had 1 or 2 other spots.\n\npokexchespin·-10j\nwere they really? i wasn\'t around in the 90s, but i know when i started watching it was guards, forwards, and centers, same as all nba\n\nparrothead32812 ·-10j\n\nRyyKarsch · -10j\nThis is (mostly) true. He\'s not a sixth time all-star if he plays in the west, but he would have made it in 2016 and possibly the following season.\nHe was one of the best pure PGs in the league on one of the better regular season teams for nearly eight straight seasons. If Conley got one, then Lowry would have ""sniffed"" one, Imao.', '[Contexte: Reggie Miller is the most efficient first option in NBA playoff history : r/nba]\nRad_Centrist ·-10j · Modifié il y a -10j\nYou\'re talking about an entirely different era.\nCP3 rookie season was Miller\'s last. Reggie had been out of the league six years before Dame was drafted.\nWhen we talk about Miller\'s time in the NBA, were talking about Western conference shooting guards like Drexler, Mitch Richmond, Jeff Hornacek, etc.\nWhile the East had Jordan, Dumars, etc.\nThat\'s the era the comment you\'re replying to is referring to ""when the East was better"" :\nMiller\'s era.\nEdit: I see we\'re addressing different sentences from the comment you replied to. Confusing.\n\nVirgil_hawkinsS · -10 j\n\nDevelopmentPretend68·-10j\nYeah, I was so confused reading that. Idk where all them upvotes came from.\n\nGnRgr2·-10j\nDana Barros, Bj armstrong, and mookie blaylock all made asg in that era. Lowry absolutely wouldve been able to make one\n\n---\ntrojan_man16·-10j\nEast was the better conference until Shaq went west and Jordan retired. Also Reggie was criminally underrated the first 1/3 of his career because the Pacers were a fringe playoff team in a small market.\nI think Reggie\'s skills in the modern NBA are maximized and he gets a lot more accolades, and even maybe more playoff succes.\n\n---\nrealfakejames · -10j\nWhen Reggie was playing there was one guard spot on the east every year guys had to compete for because the other automatically was Michael Jordan Imao', '[Contexte: Reggie Miller is the most efficient first option in NBA playoff history : r/nba]\nchunksss · -10j\nWas he though? He was never really a ""pure"" point guard, more so a strong scorer and a plus defender. Using the caveat of pure to try and elevate him doesnt really make sense when he wasn\'t really that archetype, and he was a clear notch below 4-5 PGs in the west every year he got an all star , scoring or passing wise. Hell, he was only ever even top 1o in assists 3 times.\nHe was a scoring guard and clearly a notch below the best in the league, hence why he only got the single all nba selection.\nPretty much every year of his prime, CP3, Curry, Westbrook, Harden and Lillard were clearly better than him - thats just in the West\n\nNotUrAvgShitposter ·-10j\nEast was weak but West was way too strong, especially when it came to guards. West had 3 MVP guards, the occasional healthy CP3, and Dame. You also had washed Kobe getting dumbasses voting him in and Klay when the Warriors averaged like 65+ wins every season. That\'s like all of the non wild card guard slots guaranteed to be occupied. Like Ant wouldn\'t sniff an all star appearance some years in that era either and he\'s the best SG and top 10 rn.', ""[Contexte: Reggie Miller is the most efficient first option in NBA playoff history : r/nba]\nEdit: If your argument is based on him staying in one place for his career...well, yeah, ok, I guess that might be that case.\n\n\nPotentially, especially given two way impact.\nBut I think it's closer than you think. Reggie won 14 playoff series with the Pacers, most of them as a key contributor/leading scorer. That's more than Drexler with the Blazers, more than Nash/Robertson/Goodrich in their entire careers, more than double Iverson in his entire career.\nCousy was part of a dynastic team so difficult to compare given Reggie never had all-time great teammates. Wade had two top 10 all-time teammates and was a second option on a big chunk of his playoff wins so again difficult to compare.\nJerry West I think you're right though, he's a franchise legend.\n\n\nrTS% only measures shooting efficiencyand it's heavily skewed by free throws. True efficiency accounts for everything a player does on the court, every second they're out there. In that broader context, Reggie Miller is not the most efficient first option in playoff history.\n\nSo, no.\n\n\nThank you!\n\n\nElite_Alice\n\n\nIcy-Engine3832·il y a 17j\nLimbus has another (dumb) controversy\n733 upvotes : 289 commentaires\n\n\n[Katz] In the seven years before Tom Thibodeau got to New York, the Knicks made the playoffs zero times and had a .330 winning percentage. In Thibodeau's five years with the Knicks, they had a .565 winning...\n5,1 k upvotes : 455 commentaires"", ""Dictionnaire des données                                                        Unnamed: 1\n0                    Player                                                     Nom du joueur\n1                      Team                               Équipe du joueur (code à 3 lettres)\n2                       Age                                                     Âge du joueur\n3                        GP                             Nombre de matchs joués (Games Played)\n4                         W             Nombre de victoires de l'équipe lors des matchs joués\n5                         L                                                Nombre de défaites\n6                       Min                                 Minutes moyennes jouées par match\n7                       PTS                               Points marqués en moyenne par match\n8                       FGM                         Tirs réussis par match (Field Goals Made)\n9                       FGA                     Tirs tentés par match (Field Goals Attempted)\n10                      FG%                                  Pourcentage de réussite aux tirs\n11                 15:00:00                                 Minutes jouées après 15:00 de jeu\n12                      3PA                                  Tirs à 3 points tentés par match\n13                      3P%                                Pourcentage de réussite à 3 points""]","D'après le contexte fourni, il est clair que **l'Est a historiquement été plus difficile pour obtenir une sélection All-Star**, surtout pendant l'ère de Michael Jordan (années 90) et avant le départ de Shaquille O'Neal pour l'Ouest (2004).

**Arguments clés :**
1. **Concentration des talents à l'Est** :
   - *""When Reggie was playing there was one guard spot on the East every year guys had to compete for because the other automatically was Michael Jordan""* (realfakejames).
   - Les postes de guards étaient ultra-concurrentiels à l'Est (ex. : Jordan, Dumars, Miller), alors qu'à l'Ouest, des joueurs comme Reggie Miller (PGs/Scoreurs) pouvaient rivaliser avec des légendes comme Drexler, Richmond ou Hornacek (chunkss).

2. **Exemples de joueurs sous-estimés à l'Est** :
   - Kyle Lowry ou Joe Johnson (5x All-Stars) n'auraient peut-être pas eu leur chance sans la domination des stars de l'Est (NotUrAvgShitposter).
   - *""Lowry absolutely wouldve been able to make one""* (GnRgr2), suggérant que la compétition à l'Ouest était moins féroce pour les rôles secondaires.

3. **Évolution des conférences** :
   - *""East was the better conference until Shaq went west and Jordan retired""* (trojan_man16), confirmant que l'Est était plus compétitif avant 2004.

**Conclusion** : **L'Est était plus difficile pour les All-Stars**, surtout avant l'an 2000, en raison de la concentration de talents (Jordan, etc.) et de la structure des rosters par position. À l'Ouest, la compétition était plus étalée entre plusieurs stars (ex. : Kobe, Nash, CP3).

*(Note : Ces analyses sont basées sur les discussions Reddit citées, pas sur des données statistiques directes.)*",L'Est était (et reste dans une moindre mesure) plus difficile pour devenir All-Star,1.0,0.8080945523454003,0.9999999999666667,1.0,0.371941613503116,simple
